#{"t_start": 1543787069.1335614, "env_id": "BipedalWalker-v2"}
r,l,t
-147.355295,1600,9.073416
-100.21622,82,9.473497
-164.373822,1600,15.719938
-122.990894,41,16.014981
-126.657681,1600,22.02019
-119.762259,1600,27.816458
-101.306533,83,28.144283
-122.504292,1600,34.119037
-172.326896,1600,40.031667
-102.722072,157,40.463924
-144.157142,1600,46.267655
-160.721884,1600,51.873829
-176.201311,1600,57.323664
-118.871186,54,57.635009
-119.108666,63,57.688053
-123.472068,82,58.020407
-102.797295,57,58.343958
-122.830559,80,58.407753
-106.965326,81,58.737461
-105.422807,116,59.115313
-136.331431,1600,64.820396
-117.629172,70,65.222424
-129.242657,143,65.921808
-160.376162,1600,71.702524
-101.174962,68,71.757703
-99.927057,76,72.074114
-138.08546,130,72.428095
-94.297051,1600,77.948589
-107.132572,47,78.263735
-102.32229,74,78.599072
-103.160033,54,78.647632
-101.910415,83,78.973734
-101.854421,63,79.282296
-100.738754,74,79.340866
-105.820564,65,79.650415
-115.991044,64,79.954354
-119.29784,86,80.020749
-109.775593,50,80.324291
-136.002019,162,80.971701
-106.273571,46,81.011185
-106.116931,46,81.04985
-103.52569,51,81.35905
-102.801539,59,81.698202
-122.948153,190,82.131244
-144.559972,266,83.183961
-115.612084,99,83.522448
-128.257955,124,83.885487
-103.685922,67,84.219157
-173.399015,1600,90.055107
-127.479407,156,90.829476
-91.05629,1600,96.729456
-101.257019,95,97.065541
-114.486502,63,97.119421
-106.289359,90,97.485459
-104.120109,97,97.865047
-103.184321,110,98.239928
-104.634379,85,98.596467
-106.523768,45,98.633542
-101.540621,98,98.986209
-106.713766,49,99.304087
-102.088534,86,99.652559
-108.666889,131,100.048126
-103.518766,69,100.370832
-103.333003,61,100.422214
-106.079189,46,100.705153
-102.092239,73,101.020873
-101.806842,99,101.36299
-106.260463,47,101.400356
-101.451045,76,101.725881
-106.983572,47,101.76418
-103.320679,110,102.116686
-103.705867,63,102.441334
-101.642334,92,102.776019
-107.405069,160,103.455391
-101.010573,70,103.516937
-101.642109,76,103.834811
-101.924784,84,104.220878
-102.08637,99,104.576636
-101.916002,74,104.914117
-104.342056,138,105.338453
-102.483472,104,105.829596
-103.336302,48,105.875968
-101.686247,57,106.205697
-104.652174,45,106.247914
-101.368887,65,106.573671
-108.570505,204,107.302292
-102.512029,64,107.65906
-102.198191,63,107.719017
-100.783656,94,108.084938
-102.188584,63,108.459596
-101.579132,96,108.856561
-130.410468,117,109.275939
-116.328783,82,109.633245
-101.80214,79,109.981421
-116.034199,105,110.308407
-134.21682,153,110.689646
-101.010488,69,111.009977
-102.715087,110,111.34177
-136.064397,165,111.976319
-119.499557,75,112.03174
-128.302025,120,112.664373
-141.677077,241,113.475812
-135.635837,142,114.090497
-104.574561,148,114.44505
-104.586217,70,114.750887
-110.568216,108,115.083503
-102.790828,111,115.420922
-96.82561,146,115.815993
-98.067143,132,116.558716
-98.504422,136,116.909136
-103.284276,132,117.277674
-101.056894,139,117.891318
-97.298865,141,118.266373
-155.874523,1600,123.937403
-101.145461,125,124.302179
-150.611935,1600,130.05911
-157.037599,1600,135.878959
-109.373274,44,136.227273
-119.773585,53,136.279058
-182.42294,1600,142.16854
-178.923415,1600,147.947746
-106.74979,103,148.378138
-112.117356,82,148.72959
-121.401758,94,149.09386
-105.452028,103,149.492841
-140.013788,1600,155.052948
-153.657031,1600,160.736807
-172.115752,1600,166.168328
-142.909944,1600,171.59479
-154.066902,1600,177.045618
-161.822552,1600,182.427535
-163.685502,1600,187.980562
-189.242443,1600,193.625797
-123.260252,223,194.386904
-160.221562,661,196.902775
-104.966267,1600,202.517255
-141.234108,1600,208.295089
-155.565073,1600,214.031974
-100.574623,115,214.393841
-136.601584,1600,219.999541
-129.916572,1600,225.602844
-101.574805,131,225.95641
-162.936198,1600,231.278666
-179.464598,1600,236.676477
-101.142341,122,237.396131
-102.426867,109,237.782189
-100.96439,123,238.191864
-113.012963,41,238.231865
-155.898393,1600,244.065474
-102.869048,60,244.449224
-100.807326,103,244.783935
-114.618887,1600,250.301724
-127.669942,98,250.659877
-180.179702,1600,256.374712
-113.653407,41,256.409212
-112.671719,41,256.701978
-108.235933,125,257.046563
-127.198137,103,257.392791
-114.109355,43,257.728586
-107.491693,103,258.080404
-170.797717,1600,263.842511
-159.607552,1600,269.563375
-175.248802,1600,275.151241
-105.396536,72,275.20889
-111.307693,1600,280.825421
-109.149115,73,281.192443
-111.864178,64,281.496003
-149.661742,1600,287.164411
-103.753578,84,287.49767
-142.661284,1600,293.141431
-104.626892,112,293.560969
-109.061348,37,293.597152
-104.590859,73,293.991488
-106.787781,133,294.48477
-104.791854,131,294.920059
-115.911138,57,295.28347
-134.881069,1600,300.853028
-107.192891,80,301.235588
-108.500452,45,301.28521
-104.348843,55,301.659638
-106.477036,60,301.718698
-109.686202,48,302.08062
-106.98419,57,302.139769
-105.884349,50,302.507718
-103.018096,70,302.859847
-108.623765,46,302.898517
-103.090332,104,303.25799
-101.080195,87,303.599437
-106.60722,47,303.636965
-105.366205,60,303.975629
-103.345091,104,304.340278
-108.63762,47,304.653837
-104.431688,144,305.034467
-100.867164,97,305.393243
-108.508594,46,305.431419
-108.798265,48,305.739411
-136.472359,191,306.490841
-109.504308,54,306.545343
-106.672595,68,306.903842
-110.623085,55,307.250801
-101.174707,120,307.621721
-106.050955,52,307.672478
-107.169918,58,307.988167
-99.664756,82,308.333427
-105.291658,44,308.370269
-102.614783,59,308.703073
-104.078476,47,308.743165
-105.773812,71,309.070573
-105.742183,55,309.113648
-105.536921,55,309.430177
-139.668029,142,309.802542
-108.767187,47,310.101403
-104.502624,103,310.465397
-108.212016,46,310.50473
-104.641394,79,310.850907
-101.895416,76,311.175057
-105.300722,106,311.510368
-104.987153,63,311.815073
-105.602648,98,312.143248
-127.312892,87,312.466386
-107.66853,62,312.515132
-109.074781,61,312.824794
-106.463242,49,312.87328
-104.455027,91,313.204628
-106.752458,60,313.508485
-106.920509,64,313.56181
-133.772079,139,314.24156
-105.635706,50,314.283879
-106.38044,58,314.59483
-108.502052,52,314.634871
-104.118688,63,314.942674
-108.184424,49,314.982932
-108.441697,45,315.28549
-100.939761,94,315.605968
-109.14659,46,315.642428
-107.99733,50,315.935481
-105.381297,51,315.977641
-101.452236,114,316.346102
-106.733491,60,316.669151
-141.290164,129,317.021893
-107.827221,45,317.308277
-97.789738,1600,322.853949
-103.612937,60,322.899095
-100.536809,61,323.1982
-104.386884,59,323.481725
-105.55979,44,323.52058
-104.638612,59,323.824598
-102.680874,62,323.869993
-108.780244,45,324.286481
-108.637609,45,324.32416
-108.838721,45,324.627595
-153.282955,1600,330.566372
-107.67046,45,330.614745
-100.040665,75,330.953246
-102.048654,92,331.304137
-100.659191,65,331.352328
-105.299402,89,331.673
-104.612684,64,331.974374
-108.296098,45,332.009867
-107.180285,44,332.295609
-98.22541,74,332.627305
-104.257988,55,332.676953
-103.897301,56,332.987793
-105.174923,51,333.030361
-106.190565,52,333.336153
-108.162031,47,333.376591
-106.099862,50,333.70049
-106.615299,56,333.74599
-104.304551,64,334.052744
-105.638498,55,334.096724
-105.375737,57,334.394765
-100.633228,62,334.704436
-105.907886,44,334.743617
-104.524072,50,335.054866
-101.439938,59,335.101079
-106.272398,45,335.392869
-106.397092,64,335.442353
-101.841304,68,335.753452
-103.026991,78,336.073081
-102.185679,88,336.409882
-102.510365,106,336.765388
-104.692908,50,336.813374
-102.816847,56,337.171273
-101.486323,66,337.224511
-101.877528,56,337.534737
-103.383273,82,337.862286
-96.856611,71,337.91678
-99.540703,68,338.235113
-104.710576,50,338.532316
-106.667075,127,338.904288
-107.139741,84,339.2395
-103.008535,60,339.292798
-105.092695,71,339.651496
-104.763051,51,339.955653
-105.658388,64,340.008754
-102.152352,68,340.324877
-110.931319,52,340.367553
-105.09942,46,340.672566
-100.682457,62,340.72334
-104.774473,60,341.030696
-104.204177,72,341.369725
-105.522882,79,341.729908
-103.024877,97,342.088963
-103.975644,105,342.453535
-108.292919,88,342.533532
-102.02993,91,342.90395
-133.639677,121,343.549206
-103.62379,91,343.911717
-104.396588,100,344.26044
-138.507584,1600,350.002881
-104.288067,94,350.078375
-103.987173,77,350.39574
-131.360481,108,350.764389
-138.683,1600,356.660728
-104.126258,109,357.044102
-103.431556,65,357.40078
-150.960893,1600,363.108429
-164.272892,1600,368.69645
-169.221184,1600,374.221912
-102.230716,84,374.576507
-164.97679,1600,380.238451
-167.814717,1600,385.902792
-159.77266,1600,391.534362
-101.566078,94,391.891006
-159.772365,1600,398.163222
-160.277377,1600,403.785814
-135.15898,1600,409.485967
-99.60156,82,409.861087
-94.170971,1600,415.74434
-116.183719,1600,421.487438
-165.462549,623,423.625762
-176.473181,1600,429.225399
-145.645474,258,429.972451
-152.132579,1600,435.945036
-139.232793,1600,441.943967
-127.573876,1600,447.918659
-164.245778,1600,453.75728
-127.919233,1600,459.499508
-98.869551,184,460.181886
-111.154025,247,461.246104
-160.871376,528,463.110624
-106.521707,177,463.830028
-137.205246,1600,469.806558
-105.669513,92,470.158876
-98.831341,93,470.511932
-106.750362,53,470.557896
-105.828255,58,470.867285
-105.061711,55,470.912456
-105.387365,53,471.235315
-106.805472,60,471.300296
-99.529373,80,471.665065
-102.438917,67,471.994403
-105.570566,86,472.355101
-102.982107,129,472.732117
-102.126551,87,473.078158
-102.030493,76,473.428624
-105.224985,54,473.475383
-103.240452,64,473.790094
-108.037618,114,474.167811
-103.014447,74,474.519067
-103.589166,73,474.580913
-103.88942,102,475.241122
-99.648461,62,475.297095
-102.269168,73,475.64763
-102.123003,95,476.021125
-95.895299,91,476.379709
-97.614062,106,476.760095
-99.257656,106,477.128666
-122.272464,77,477.468734
-94.971837,95,477.840733
-139.408312,1600,483.565035
-103.34187,48,483.608097
-107.546992,58,483.961475
-103.168293,113,484.333084
-106.249348,174,484.757599
-103.515367,80,485.14277
-96.378486,70,485.478776
-97.453951,160,486.170375
-100.643071,74,486.267313
-102.69419,62,486.593285
-102.179981,82,486.941929
-93.851863,86,487.293309
-104.502144,69,487.350716
-110.193806,140,488.089332
-102.141395,69,488.153062
-102.407721,103,488.505896
-126.96465,1600,494.075819
-105.790662,55,494.39031
-99.573827,164,495.073745
-101.674693,119,495.44466
-103.221214,103,495.829509
-104.117667,46,495.867244
-103.836948,44,496.164004
-105.380937,47,496.203149
-106.142619,76,496.566156
-112.991962,1600,502.396142
-122.062517,1600,508.39727
-104.137188,55,508.722201
-100.450328,96,508.819297
-105.29106,53,509.185917
-135.821124,1600,514.905573
-98.431768,110,515.262126
-102.294846,143,515.911044
-104.86208,66,515.965143
-106.635534,56,516.29755
-104.612105,61,516.353416
-103.912824,63,516.689188
-103.529863,168,517.39914
-103.280848,81,517.475728
-105.630179,61,517.796664
-141.806101,1600,523.674291
-107.79361,69,524.000866
-102.057965,76,524.349204
-105.669011,77,524.414198
-102.917853,76,524.753495
-166.213763,1600,530.362945
-103.170344,143,531.009923
-110.511833,1600,536.736502
-98.924085,100,537.108644
-84.014443,1600,542.986083
-147.328115,1600,548.687041
-103.715274,166,549.109815
-105.282666,143,549.802468
-124.567342,166,550.210249
-165.668833,1600,555.874898
-103.37867,154,556.537337
-169.037468,1600,562.332043
-123.894738,120,562.705817
-121.641798,128,563.130628
-165.867485,1600,568.917707
-103.706775,182,569.606532
-103.626975,97,569.939021
-83.867942,502,571.702584
-104.64522,75,572.051986
-102.44627,74,572.401552
-105.335304,78,572.471929
-108.509951,90,572.806718
-103.563035,79,573.140613
-145.796164,1600,579.303151
-120.670873,107,579.680658
-134.803288,929,583.053113
-120.815556,1600,588.86536
-142.010028,1600,594.652629
-104.555005,123,595.290492
-131.007958,1600,601.202881
-103.868277,164,601.603953
-156.882571,1600,607.368771
-139.266472,169,608.021952
-110.699749,1600,614.119151
-135.989679,182,614.796356
-98.280358,121,615.212899
-100.238238,106,615.595535
-129.66426,1600,621.376629
-109.29474,58,621.688782
-132.131039,310,622.802434
-100.837144,226,623.597856
-103.502904,196,624.404692
-103.845233,141,624.821343
-163.593459,1600,630.67667
-104.239771,143,631.333053
-76.286997,577,633.491885
-103.526426,205,634.218206
-101.613489,108,634.577981
-130.74445,109,634.93732
-98.290233,272,635.985837
-128.478234,137,636.404427
-101.327618,448,637.953319
-96.682238,240,639.027842
-104.100805,78,639.364666
-106.474635,523,641.204371
-100.028897,363,642.386618
-173.416285,586,644.631364
-102.443646,110,644.975872
-100.15435,137,645.612978
-97.258541,135,645.979182
-108.282546,64,646.329865
-56.420209,1600,652.522352
-148.188756,1600,658.354649
-91.634873,264,659.147195
-94.476402,399,660.643197
-96.380859,103,661.005787
-150.549075,1600,666.756702
-99.934917,144,667.463376
-99.12648,172,668.260591
-96.540361,136,668.691948
-140.074662,1600,674.594413
-92.924553,145,675.064088
-98.82114,89,675.418301
-97.073994,105,675.78124
-104.853542,165,676.48661
-103.388954,279,677.592223
-107.874937,94,677.940175
-108.184454,226,678.736932
-101.493816,61,679.078907
-95.809261,92,679.164532
-105.303521,182,679.92995
-105.759714,128,680.646517
-90.847742,152,681.07011
-94.859824,138,681.467606
-99.7074,109,682.160988
-101.806621,97,682.51775
-98.849224,87,682.60135
-115.281619,1600,688.703751
-100.534367,160,689.40474
-94.716922,134,689.863066
-105.442229,132,690.52686
-102.013104,75,690.593157
-100.6144,116,691.261565
-100.018985,91,691.340097
-101.593696,117,692.025734
-100.539941,101,692.410735
-129.666212,1600,698.439828
-97.729891,130,698.842807
-102.620898,120,699.266475
-71.79148,1600,704.783715
-93.711061,354,706.244275
-91.204027,172,706.662217
-98.205518,182,707.41665
-94.202881,285,708.444698
-142.362278,1600,714.336058
-111.239426,330,715.444036
-141.692839,1600,721.185469
-103.083312,148,721.904011
-121.892479,536,723.671876
-100.949626,246,725.01111
-100.541334,305,726.111875
-99.515291,161,726.570741
-94.294068,112,726.944336
-85.432248,166,727.649519
-102.605596,151,728.350515
-98.094303,147,728.751881
-103.451232,343,730.136571
-98.782121,279,730.904692
-163.311316,1097,734.833702
-104.985037,123,735.499207
-92.332947,170,735.967014
-123.847597,579,738.092246
-105.916598,331,739.232171
-95.556234,130,739.922524
-91.242193,205,740.678135
-95.497155,148,741.144023
-95.789631,205,741.845984
-95.957593,150,742.507285
-93.94544,190,743.227514
-95.802161,159,743.648901
-98.457196,152,744.29351
-98.295288,165,744.712392
-104.113994,161,745.398899
-95.785562,180,746.162969
-96.20387,267,746.903212
-94.506478,251,747.96199
-96.26763,202,748.680969
-96.915767,177,749.389177
-100.729827,130,749.763296
-95.502943,187,750.459162
-80.250488,724,753.034472
-91.688743,167,753.720598
-105.031879,105,754.075583
-98.864556,101,754.423223
-104.211962,221,755.218327
-93.006493,160,755.959649
-100.46253,77,756.040365
-96.062866,96,756.448345
-100.225028,85,756.83261
-103.449763,94,757.201782
-96.879369,96,757.573121
-100.347122,90,757.956765
-100.146412,105,758.330822
-98.368362,102,758.684789
-101.766063,89,759.023149
-90.264179,107,759.387828
-93.956189,119,759.778215
-94.472189,113,760.190223
-99.32392,93,760.531587
-94.466431,151,761.218391
-92.660542,124,761.942556
-96.565959,129,762.317392
-94.272758,177,763.04831
-89.805933,427,764.466418
-93.453478,193,765.167542
-125.289491,91,765.508863
-122.767639,76,765.870505
-126.018978,94,766.23695
-130.712886,138,766.637724
-101.904704,186,767.356307
-87.324586,214,768.09514
-84.970468,197,768.816369
-96.30305,143,769.575583
-132.668159,164,769.997946
-99.665882,130,770.694496
-96.412289,190,771.410148
-129.668213,154,771.823663
-121.79393,1283,776.502964
-106.449928,198,777.233022
-129.795004,1600,783.110731
-98.307282,139,783.495213
-96.370422,159,784.187115
-101.00699,128,784.573633
-58.118812,1600,790.455052
-100.104262,298,791.522578
-97.011373,176,792.265681
-75.821883,1600,798.023119
-90.830356,1600,804.199014
-104.139208,145,804.603189
-162.20089,1600,810.413784
-103.031182,1600,816.118982
-130.993633,1600,822.056249
-94.467598,1600,827.757434
-143.519408,1600,833.501441
-139.802409,1600,839.420311
-98.262815,160,840.103108
-89.050127,1600,845.937162
-100.099326,1600,851.650081
-110.772339,777,854.448698
-107.695019,559,856.344959
-63.479152,1600,862.165901
-135.025041,1388,867.111851
-77.984998,1600,873.324628
5.403948,1600,879.253772
10.667411,1600,885.067978
-72.129527,1600,890.842229
46.906493,1600,896.542556
-45.262638,1600,902.320113
-32.119932,1600,908.560225
-96.760109,174,909.28428
-50.139834,1600,915.161638
-114.84889,963,918.761479
-107.981738,309,919.89517
-116.474081,1600,925.687757
-85.030983,1600,931.560864
-102.906409,172,931.971216
-77.563142,1600,937.899996
-123.688323,348,939.354316
-157.516474,1600,945.526693
-111.06493,89,945.863101
-111.045348,126,946.23757
-140.116949,1600,952.144922
-51.998082,1600,957.870351
-61.712879,1600,963.624118
-110.141818,620,965.809211
-93.545544,1600,971.562337
-90.026637,1600,977.366029
-7.712883,1600,983.548725
-91.830202,150,984.230022
-73.607116,605,986.401352
58.280108,1600,992.181424
-93.691977,528,994.04097
-81.326265,239,994.815209
46.665283,1600,1000.531569
-84.228666,927,1004.155918
-24.147097,1353,1008.88467
-78.341049,732,1011.64168
-7.36254,1600,1017.547966
35.728846,1600,1024.047774
51.87367,1600,1029.802749
-104.333676,1600,1035.646807
-32.849672,1600,1041.557113
-20.9042,1271,1045.905758
60.103389,1600,1051.665991
-79.006689,664,1054.118699
34.922694,1600,1060.386372
-3.798885,1600,1066.110648
78.042172,1600,1071.947513
75.50091,1600,1077.623759
-39.022715,1217,1082.036152
-81.339141,280,1083.071855
66.954072,1600,1088.816591
96.751871,1600,1094.983198
90.125444,1600,1100.775178
-88.846364,556,1102.53934
65.671491,1600,1108.09518
78.562351,1600,1113.818775
-62.70187,856,1117.0094
-81.591092,311,1118.151119
-94.176692,154,1118.864717
73.232392,1600,1124.484155
117.769667,1600,1130.577762
-94.730505,215,1131.31684
-97.727111,912,1134.546324
-21.883301,1600,1140.260945
-53.537272,869,1143.480315
-77.199164,574,1145.379176
92.634271,1600,1151.26274
-75.933221,493,1153.309152
-104.428802,1600,1159.070302
-103.577863,469,1160.938079
-99.421753,283,1161.997963
113.519558,1600,1168.215135
-76.641967,902,1171.478084
-49.959273,924,1174.683087
-97.144113,223,1175.380564
-45.776668,1318,1180.063566
-94.955272,557,1182.165551
-132.582752,523,1183.978921
-41.5912,1183,1188.175573
-81.086202,344,1189.536221
-12.287581,1276,1193.725562
-131.148243,894,1197.007129
101.449099,1600,1203.185671
-98.534902,604,1205.320038
-21.00978,1600,1211.196923
-98.390079,155,1211.855039
-92.894962,276,1212.946724
-83.605235,318,1214.111869
-96.565281,188,1214.828004
-100.30276,114,1215.187435
-100.098534,150,1215.620368
-20.68736,1053,1219.580975
105.578459,1600,1225.379826
-92.588403,173,1226.050355
2.786499,1152,1230.06222
-77.454343,250,1231.147655
-94.13575,148,1231.557126
-90.087031,287,1232.661564
-43.033389,613,1234.945433
-91.032707,199,1235.747473
-78.992146,1125,1240.31359
-67.760078,497,1242.162769
-0.058228,1280,1246.897464
-57.227914,975,1250.613705
105.987547,1600,1256.581263
27.15107,1600,1262.6001
100.670003,1600,1268.484525
-90.136567,533,1270.287933
133.151322,1600,1276.726893
-6.797523,1311,1281.288477
154.039961,1600,1287.090205
-8.005482,1448,1292.664113
-74.750944,373,1293.820301
-60.334537,425,1295.680966
-56.787066,521,1297.477746
161.648242,1600,1303.438577
-87.596438,288,1304.503495
-78.194065,343,1305.673103
136.625926,1600,1311.54196
210.915315,1600,1317.668829
142.379009,1600,1323.45736
-14.819635,731,1326.224853
-20.826029,743,1328.848356
-61.260797,482,1330.613358
-75.910646,315,1331.667339
19.854943,1232,1336.035456
-107.262743,72,1336.354706
19.605013,966,1339.96636
-85.990144,219,1340.688399
166.426738,1600,1346.666972
182.6172,1600,1352.832601
-88.61268,146,1353.223603
-55.948189,425,1354.888755
-104.012806,73,1354.956077
-97.826194,104,1355.328075
234.688729,1600,1361.01527
-72.868326,294,1362.055964
-15.056914,1028,1366.023729
-47.446283,606,1368.189038
-99.262401,128,1368.580265
-71.089769,339,1369.742455
186.224433,1600,1375.53148
-74.112057,342,1376.965222
-93.330662,131,1377.342664
-94.285482,138,1377.75043
-91.189615,157,1378.418244
-68.272298,335,1379.609694
-98.346655,107,1380.001097
-99.300475,95,1380.416523
-140.939499,205,1381.183947
33.011458,1402,1386.87724
-21.75018,708,1389.483852
-144.928136,252,1390.528117
-75.963652,242,1391.271182
-80.720244,249,1392.334349
-96.667626,141,1392.810202
-66.205522,294,1393.92124
-91.439187,167,1394.590015
-95.197836,163,1395.345641
232.37494,1600,1401.461164
-90.371508,203,1402.264776
-66.287487,534,1404.223199
-100.369687,89,1404.590955
-97.764243,121,1404.962221
-73.426733,251,1406.014395
-95.116179,123,1406.451848
-55.882933,490,1408.305768
216.116376,1600,1414.155084
-90.653868,169,1414.578877
157.455352,1600,1420.397448
-74.108413,293,1421.448139
182.160587,1600,1428.034746
-89.581983,268,1429.111666
188.394143,1600,1434.817594
-8.193891,854,1437.996284
-71.671697,330,1439.139109
-0.097096,1056,1442.763389
-65.614996,363,1444.134075
9.384301,876,1447.365902
27.866475,1284,1452.010566
117.244716,1600,1457.802252
38.403991,1240,1462.843364
107.087448,1600,1468.616109
-31.681926,717,1471.155261
169.188206,1600,1477.03149
-63.839721,348,1478.412119
11.122331,1233,1482.881669
-127.07618,121,1483.271939
145.976377,1600,1489.101491
-21.83693,1183,1493.457263
138.098244,1600,1499.994753
-30.748605,738,1502.56111
31.354247,1146,1506.770286
-83.54056,234,1507.504852
36.642001,1096,1511.54376
-44.35912,1595,1517.326681
191.483476,1600,1523.128412
156.875646,1600,1528.849067
-7.064076,755,1531.686939
25.684514,1600,1538.232187
118.24612,1600,1543.908636
94.269957,1600,1549.824068
68.11125,1227,1554.26363
-87.648195,131,1554.654012
-42.591377,638,1557.217053
-82.756957,152,1557.656683
-98.471246,307,1558.717367
41.106848,1600,1564.606665
246.8756,1600,1570.372662
154.154712,1600,1576.757973
211.937375,1600,1582.750469
-41.717873,537,1584.847711
-111.840553,150,1585.239717
-100.68565,110,1585.666643
170.70484,1600,1591.391379
187.758811,1600,1597.275707
-115.62382,146,1597.924163
-25.396457,701,1600.395443
253.779749,1600,1606.233105
-63.418891,306,1607.355104
-80.487455,231,1608.758534
-61.449156,354,1610.15477
-57.307027,430,1611.688234
-17.842363,505,1613.492912
-84.905721,157,1613.917699
-24.433039,524,1616.075718
-98.683125,119,1616.466623
-97.204569,76,1616.830472
112.210727,1600,1622.654308
28.280033,837,1625.617239
-83.227073,307,1626.712889
-93.868887,98,1627.08849
-80.21078,223,1627.842718
-74.624131,278,1628.960232
-75.134573,372,1630.370826
-84.031331,117,1630.798227
4.44259,703,1633.406288
-36.007014,894,1636.862449
-84.193552,1600,1642.71868
-50.141526,631,1644.901308
-12.672024,612,1647.80719
1.220036,923,1651.519264
-47.231079,1137,1655.6833
-48.18279,419,1657.217978
-79.088794,341,1658.59919
-89.372332,132,1659.019284
0.00892,780,1662.158739
-124.519282,80,1662.517177
-122.802857,70,1662.576719
-124.733984,84,1662.991717
-60.627348,296,1664.116563
-125.900928,91,1664.466641
-114.59638,39,1664.500785
-121.067329,62,1664.84526
-121.423513,63,1665.257097
125.503829,1600,1671.073571
-123.209253,73,1671.143347
-97.637272,102,1671.556473
62.86297,1556,1677.379569
-114.299707,40,1677.42047
-120.79227,60,1677.790299
-114.217813,39,1677.826938
-49.914279,1600,1684.241013
-125.670161,103,1684.598293
-48.81956,687,1687.176253
-74.034969,256,1688.235205
46.0725,1268,1692.624213
132.777329,1600,1698.527274
-87.254516,146,1699.223238
-63.866184,214,1699.965517
-48.450672,379,1701.40906
-78.871496,143,1701.860856
-48.537902,494,1703.810022
5.030503,1192,1708.106024
-92.892993,90,1708.455488
-26.282865,706,1711.041611
-58.107472,280,1712.167679
-19.624018,442,1713.743319
-84.120982,146,1714.413644
110.953085,1373,1719.43017
55.656362,1600,1726.128487
21.508904,907,1729.775289
-69.709629,320,1730.972603
-17.122483,690,1733.690593
-68.328437,238,1734.482454
45.305311,1222,1738.996172
-60.685024,301,1740.107465
-80.673646,163,1740.774364
-72.230148,238,1741.524827
150.742855,1600,1747.653073
-51.94094,308,1748.765771
-71.864367,229,1749.937025
-25.838147,484,1751.532402
-35.428955,498,1753.338943
-86.827303,161,1754.001826
-72.889582,255,1755.01691
-84.061849,193,1755.745626
-127.823724,111,1756.123916
-72.948813,1600,1762.764106
-99.348813,105,1763.167573
-16.676673,717,1765.854997
-64.77201,310,1767.047264
-2.268865,651,1769.247203
-78.3422,200,1769.980025
-145.137374,1600,1776.094146
4.03476,658,1778.557302
-72.728462,333,1779.675365
-96.225939,83,1780.022099
-91.211198,124,1780.495347
-87.935067,105,1780.934494
-38.569685,563,1783.172028
-69.636262,210,1783.887031
-77.276565,199,1784.638405
-99.454021,1600,1790.4907
-80.603779,156,1791.178952
-102.099749,103,1791.539747
-101.845154,83,1791.897696
-43.319339,557,1793.773735
35.076323,681,1796.271494
-53.297511,280,1798.172493
-45.283372,289,1799.34175
-138.972524,1600,1805.165048
26.320795,828,1808.176183
-106.376662,126,1808.574117
42.060742,866,1811.721227
-84.199227,162,1812.425624
8.321408,659,1814.624701
-106.429052,93,1814.991938
-59.126341,219,1815.771902
-74.016922,203,1816.526957
60.075572,1600,1822.33637
-74.337774,439,1824.116332
-40.112048,673,1826.475684
181.612384,1600,1832.424781
-51.507839,363,1833.855034
-70.781035,364,1835.944945
-122.716044,217,1836.704991
-67.660156,1144,1840.786038
58.72108,1023,1844.646726
30.871944,1600,1850.696564
-51.926541,281,1851.8302
7.595903,674,1854.332481
-94.946949,124,1854.726079
63.032417,906,1858.028318
224.310991,1600,1864.193102
211.844888,1600,1870.187758
-92.089595,111,1870.621797
205.996805,1600,1877.508778
127.791078,1600,1883.516398
140.609042,1600,1889.490258
-100.540733,96,1889.851393
-100.805227,82,1890.212948
123.937316,1357,1895.612916
-70.615672,279,1896.775163
-81.289957,168,1897.287661
6.990347,505,1899.091411
-77.033486,204,1899.890142
-74.359488,187,1900.647454
-56.232702,361,1902.078125
-82.082532,170,1902.814652
15.469078,999,1906.595947
-76.652411,201,1907.330615
156.070761,1600,1914.365976
172.096771,1600,1920.393658
10.901271,770,1923.02628
-73.422801,1600,1929.105753
131.931276,1380,1934.287189
-62.212466,306,1935.3918
-74.014006,276,1936.490399
-100.918158,120,1936.88416
-102.999706,121,1937.325224
-102.515793,90,1937.773661
-69.430703,292,1938.879415
-70.853825,405,1940.406049
-94.766643,121,1940.819262
-102.136632,87,1941.224468
-102.050645,90,1941.584626
-93.067069,1600,1947.576704
-78.64217,234,1948.363565
-11.594916,502,1951.077496
-55.644584,285,1952.200313
-53.551543,331,1953.605255
-89.368303,136,1954.018597
-24.079604,457,1955.909687
57.88953,885,1959.049165
-76.473239,300,1960.20422
-62.571517,268,1961.272453
-104.711708,402,1962.809543
-77.417744,633,1965.085052
-102.538768,287,1966.241947
164.380348,1600,1972.24668
-5.666068,787,1975.270419
-75.183055,263,1976.419295
268.944383,1420,1981.821305
-60.332745,284,1982.977249
-62.234915,285,1984.087226
-65.362594,297,1985.209703
-15.099251,859,1988.267771
-60.810699,437,1990.899378
-106.295217,103,1991.277362
113.360207,1381,1996.257661
-66.560218,223,1997.309494
-88.679644,153,1997.758315
25.171737,1600,2003.753525
-98.356112,357,2005.169924
11.379934,620,2007.465753
259.597862,1600,2013.391638
257.545512,1502,2019.297678
158.702436,1600,2025.384866
-108.269015,66,2025.724334
169.977391,1600,2032.697323
274.574388,1311,2037.651028
-41.24721,337,2038.739165
-124.773104,89,2039.090285
-15.613499,407,2040.594274
-58.190483,286,2041.664318
265.69452,1576,2047.532919
-108.500156,80,2047.878127
251.030895,1600,2053.625935
278.304223,1197,2058.068181
-43.321104,327,2059.159699
-78.935207,188,2059.907386
-93.039899,158,2060.312805
3.82705,639,2062.968473
77.946898,1104,2067.729267
-66.15465,198,2068.478688
-103.466474,97,2068.834335
-90.166269,123,2069.230863
-95.063838,116,2069.637919
-58.223456,294,2070.73544
-25.687472,383,2072.181155
-48.679287,884,2075.426048
14.376879,520,2077.236618
250.800998,1600,2083.341402
-6.979805,436,2084.854379
129.383799,1369,2090.08751
-107.078708,87,2090.438667
26.643304,577,2092.729024
263.356313,1600,2098.637393
231.803766,1600,2105.506836
253.427714,1600,2111.340488
81.60446,1600,2117.300679
-111.322939,275,2118.130882
-34.029735,285,2119.233067
10.514063,747,2122.071431
-94.256738,115,2122.438449
-94.950413,107,2122.811568
-99.407267,90,2123.159137
-34.756342,371,2124.335017
-81.66341,145,2125.001583
17.974028,681,2127.683493
-86.387661,122,2128.091716
-55.469934,261,2129.258904
-108.856292,72,2129.322337
23.374897,575,2131.667352
41.572773,778,2134.85342
-24.200232,383,2136.379361
-60.057992,231,2137.155464
268.226769,1267,2142.950014
-51.476866,304,2144.148023
-100.593067,80,2144.217803
-69.102641,199,2144.964392
-65.692237,181,2145.666141
-110.726979,69,2146.065282
-99.087041,93,2146.421835
-78.046774,165,2146.852784
-77.479293,181,2147.62308
-76.107063,187,2148.353022
-87.282918,147,2149.073402
-84.456211,149,2149.498997
-88.17501,150,2150.204931
-97.00798,111,2150.604165
-82.022227,163,2151.04588
-94.521551,118,2151.720232
-61.905853,329,2152.957286
-127.472922,104,2153.322306
22.272597,574,2155.701748
-106.338034,92,2156.129702
-131.887125,152,2156.518029
-105.566319,94,2156.859702
-134.082111,153,2157.643054
-101.920802,83,2157.715759
-96.507026,127,2158.405779
184.040695,1600,2164.596025
-71.194356,193,2165.3869
-61.392781,221,2166.195128
-105.089012,89,2166.584936
44.133063,731,2169.359919
-72.631845,255,2170.429505
-102.25986,64,2170.492109
-72.636003,185,2171.212655
-104.771844,73,2171.559649
-108.206087,58,2171.612558
-43.780252,313,2172.746219
282.443996,1235,2177.707572
-100.820399,97,2178.116593
-90.467588,94,2178.513727
-85.854825,134,2178.967873
-104.462722,63,2179.318067
-85.397934,143,2179.721071
-101.184181,84,2180.082339
-103.152619,55,2180.139658
-104.799951,78,2180.502883
-37.364259,271,2182.488915
-103.929473,71,2182.849829
-97.661941,80,2182.923891
-51.322985,243,2184.018897
-84.011324,151,2184.442463
-56.112686,287,2185.654737
268.778329,1317,2190.53671
-99.183063,76,2190.912701
-73.565979,213,2191.730357
-82.725019,155,2192.467549
-104.598694,66,2192.834474
-102.621256,66,2192.899961
-92.30832,204,2193.667605
-101.762218,60,2194.00365
-23.116503,364,2195.503371
-76.424657,130,2195.88523
-99.874935,65,2195.944315
-97.569504,73,2196.300099
-59.91439,196,2197.113733
-98.163527,82,2197.500077
43.289928,709,2200.087933
-100.544574,63,2200.411722
-16.595682,401,2201.880606
-92.81381,89,2202.239421
48.819453,718,2204.899753
-70.774175,221,2205.634306
-95.055922,88,2206.046048
-76.268108,153,2206.453788
-80.046011,138,2207.201739
-46.378149,285,2208.39092
-46.84684,281,2209.245388
-54.428345,236,2210.360035
-100.675191,91,2210.73644
-92.293425,123,2211.129844
-100.649896,79,2211.496202
-72.163301,183,2212.237902
-97.732691,82,2212.308114
-78.383215,139,2213.006534
-103.929046,70,2213.072016
-53.445506,265,2214.388885
-101.758108,72,2214.740195
-99.790398,85,2215.107372
-103.640795,59,2215.155979
-81.003278,132,2215.8866
270.076169,1470,2221.943053
-99.12976,95,2222.30394
-45.990056,264,2223.3953
-91.990395,96,2223.804975
-53.903212,225,2224.59256
-107.039061,65,2224.942349
-77.308795,134,2225.367821
-76.248914,196,2226.084141
277.340877,1383,2231.255314
78.120101,698,2233.818988
-12.41251,469,2235.629995
-39.931765,321,2236.714817
-57.223479,213,2237.437541
-56.836564,236,2238.227503
-102.070211,66,2238.590134
-76.23208,176,2239.368372
-69.80138,249,2240.228852
-97.740214,90,2240.618502
-103.084246,74,2240.994326
-54.533032,247,2241.752203
-100.056317,78,2242.086551
-102.799897,69,2242.432192
-106.091699,60,2242.484465
-99.853949,75,2242.81876
-103.15886,85,2243.172193
-103.103122,65,2243.502126
-97.918629,81,2243.570117
-101.778353,74,2243.895448
-100.848778,94,2244.260391
282.124026,1137,2248.332902
-106.465095,85,2248.690042
-108.099837,59,2249.006534
-82.656082,145,2249.403512
-64.656054,198,2250.121398
-52.061954,238,2251.248489
275.360049,1415,2256.379031
-101.809268,78,2256.734253
-106.083251,59,2256.789687
-76.540806,166,2257.502428
-83.645322,138,2257.906044
-101.065345,71,2258.289596
-106.020074,61,2259.59
-105.296458,60,2259.64381
-103.667108,67,2260.016718
-118.818047,70,2260.362329
68.708729,671,2262.647326
-101.517391,87,2263.010506
-96.682896,85,2263.396745
-62.859645,200,2264.188143
-38.315365,302,2265.314273
-106.958967,55,2265.659286
-105.001471,70,2265.719119
0.436825,486,2267.701793
-63.192642,199,2268.469218
-105.088797,59,2268.82385
-96.526181,80,2268.892308
-102.119861,65,2269.267588
-105.689909,76,2269.624511
-46.252313,257,2270.42775
-78.689587,152,2271.152503
-105.215901,75,2271.507372
-106.719905,61,2271.562324
-93.91115,107,2271.938723
-106.150896,60,2272.282851
-97.496564,123,2272.690241
-99.435114,75,2273.044232
-66.602929,198,2273.807691
-1.123971,460,2275.622053
-85.979822,128,2276.016205
-18.049793,408,2277.51969
-25.080406,321,2278.620535
-97.810348,81,2279.000097
-102.178388,62,2279.314453
-101.988159,62,2279.368797
-101.018987,66,2279.749557
-101.129725,62,2279.820771
-103.447608,69,2280.1924
-98.039985,79,2280.545305
-107.278346,63,2280.871687
-104.707616,66,2280.935156
-45.968931,344,2282.450767
83.009434,848,2285.440216
-73.546451,159,2286.207562
-88.027138,111,2286.585471
-66.918249,173,2287.344114
-100.288393,76,2287.420379
-104.179237,55,2287.761382
-104.354028,53,2287.809157
-90.033893,100,2288.267004
-106.05833,56,2288.618974
-96.268142,85,2288.981682
-93.849413,87,2289.358118
-100.942605,71,2289.423751
-80.661296,132,2290.106992
-103.87879,70,2290.21202
-103.776751,63,2290.553976
-86.595793,114,2290.962125
-58.35242,223,2291.711833
-92.529583,106,2292.378704
-75.919901,156,2292.828606
-70.804967,165,2293.597013
-103.562956,56,2293.644592
-97.454868,78,2293.994897
-92.276401,99,2294.366927
-79.764918,128,2294.798769
-84.384035,122,2295.454339
-48.661401,230,2296.179807
-68.189462,170,2296.889251
-55.397132,202,2298.518179
-62.529429,185,2298.969755
-78.437653,147,2299.654925
-62.6232,231,2300.43661
-105.675534,69,2300.768043
-79.280264,128,2301.161655
-82.174323,124,2301.553463
-81.457996,140,2302.261638
-66.309698,181,2302.985257
39.105885,535,2304.834575
-18.736769,423,2306.368814
-55.509946,226,2307.186424
-64.418979,198,2307.926603
-52.462638,272,2309.045005
-52.661578,247,2310.173126
0.136961,450,2311.753852
-88.499153,137,2312.218178
-11.944767,370,2313.680776
-88.125621,98,2314.054814
14.089899,489,2315.992764
-87.026069,131,2316.379243
-67.984102,183,2317.124665
-68.784153,181,2317.824679
-28.143036,308,2319.012872
-73.820727,177,2319.719299
-62.757474,232,2320.494035
-72.191863,173,2321.242031
-65.795801,187,2321.996431
-81.748936,131,2322.396737
-74.91126,172,2323.095852
-75.215771,138,2323.536002
-86.410355,115,2323.951989
-88.211319,127,2324.653568
-102.970999,87,2324.730584
-92.352073,87,2325.09259
-96.925167,117,2325.851871
-88.989339,132,2326.251072
-41.521838,265,2327.066601
-70.838877,173,2327.800425
-56.69796,207,2328.538084
-78.738096,139,2329.231214
-96.955199,91,2329.631371
-75.031784,157,2330.053122
-68.865874,172,2330.789011
-143.725985,250,2331.605231
-59.437258,222,2332.624999
-47.889309,234,2333.367126
-52.340538,222,2334.117441
-126.381747,130,2334.513444
-90.124253,113,2335.253501
-12.27605,337,2337.289549
-75.309191,155,2338.0392
-87.233465,118,2338.455356
-71.587021,154,2338.888401
-36.450227,292,2339.96435
-76.398495,165,2340.688495
-78.098109,150,2341.138262
-99.832809,85,2341.48608
-74.803321,185,2342.189645
-60.981856,214,2342.968681
-7.966148,383,2344.61895
-44.206115,295,2345.693111
-89.488343,117,2346.100421
-87.240978,126,2346.49361
-88.362723,130,2347.157732
-67.001974,172,2347.594105
-97.167122,99,2347.946107
-52.956279,246,2349.04606
-76.476331,146,2349.461192
-76.12391,130,2350.182503
-54.035283,239,2350.947859
-58.15719,245,2351.741794
-55.524671,206,2352.516232
-54.638452,225,2353.533016
-35.139924,273,2354.356503
60.583123,702,2357.040756
-62.464504,217,2358.118043
-61.311622,223,2358.909624
-23.958272,307,2360.066251
-96.882987,102,2360.484411
-59.689538,208,2361.256574
-55.946364,247,2362.366633
-81.481462,136,2362.782383
-102.661346,86,2363.152046
-91.208219,125,2363.561136
-56.491443,240,2364.357316
-73.553971,158,2365.12282
-74.636956,165,2365.89261
-65.97564,179,2366.364008
-63.478923,204,2367.149705
-26.804933,334,2368.65633
-59.622975,233,2369.409534
-88.222315,121,2369.830419
-92.600795,121,2370.5568
-46.353276,256,2371.338596
-98.091601,127,2371.756629
-77.741398,141,2372.471156
-87.675843,168,2372.918249
-78.362563,214,2373.949411
-57.840871,209,2374.680547
-83.192309,125,2375.082214
-95.44198,133,2376.440123
-88.190856,121,2376.805968
-92.050332,108,2377.464938
-65.620479,189,2377.912396
-89.250183,121,2378.542132
-64.92874,245,2379.334066
-62.480978,197,2380.055432
-94.460333,118,2380.442139
-67.265646,188,2381.228276
-82.518398,142,2381.917841
-94.642935,88,2381.995435
-79.273767,150,2382.680058
-76.028571,163,2383.436586
-74.863621,214,2384.238919
-59.774743,217,2384.973972
-77.352203,162,2385.654298
-77.558306,165,2386.060791
-94.710704,83,2386.423559
-95.841021,96,2386.774845
-34.855472,372,2388.194225
-69.80843,257,2388.944228
-88.326321,106,2389.364605
-25.33485,330,2390.79691
-86.279237,140,2391.241808
-85.716756,137,2391.668283
-109.052021,54,2391.996351
-48.860621,243,2392.739771
-50.867771,234,2393.867288
-91.362447,107,2394.266981
-75.782444,151,2394.679385
36.049603,513,2396.519154
-72.678487,191,2397.244442
-38.172019,302,2398.341898
-62.729755,199,2399.071769
-24.270923,356,2400.487936
-44.885534,276,2401.634674
-96.015835,114,2402.020137
-57.100258,210,2402.780664
-49.133857,274,2403.837769
12.078212,413,2405.294527
-72.509708,202,2406.023228
-69.916951,162,2406.500892
41.809909,543,2408.877297
-67.377104,182,2409.620121
-95.308491,110,2410.031677
-70.490341,175,2410.554026
-79.434801,143,2411.286947
-46.556271,300,2412.477355
-43.643127,270,2413.605264
-4.989712,433,2416.176989
-83.766995,129,2416.653681
5.567442,473,2418.539601
-38.321735,282,2419.590105
-57.440651,232,2420.397509
-36.227475,277,2421.533692
-5.083206,412,2423.06977
-77.549939,140,2423.492776
-15.969554,383,2425.01806
57.332182,672,2427.624487
-74.773173,184,2428.367543
-77.217214,170,2428.812688
-79.206328,124,2429.49427
-80.014463,153,2429.890104
-43.191324,305,2431.139289
-62.585129,198,2431.932901
-85.438998,127,2432.66276
-57.710894,224,2433.437552
-86.09042,191,2434.208669
-48.897095,256,2434.983328
-27.565941,343,2436.470986
-97.369524,96,2436.846731
-64.689979,206,2437.618037
-55.949926,223,2438.433161
-78.490564,137,2438.873251
-83.643746,129,2439.588864
-33.858412,326,2440.7644
-53.356295,246,2441.583519
-22.135246,332,2443.047017
37.82801,564,2444.9746
-61.881055,210,2445.732465
-60.49051,192,2446.463066
-50.975899,241,2447.522838
-72.116312,153,2447.961484
-82.142883,162,2448.699293
-54.59939,219,2449.457696
-92.850382,94,2449.874759
-36.170061,291,2451.062445
-75.356673,144,2451.45009
-72.959985,155,2452.162545
-48.853066,236,2452.897895
-55.601288,212,2454.671947
-27.84981,313,2455.854427
-76.087028,136,2456.556845
-75.423386,148,2456.969019
-87.436211,112,2457.393519
156.190805,973,2461.1254
-50.644316,222,2461.859227
-95.664409,117,2462.532624
-45.616989,224,2463.307312
-83.149625,154,2463.759405
-56.980736,214,2464.505932
-74.568477,146,2465.248629
-48.811511,240,2466.02105
263.65332,1233,2470.906623
-54.942618,221,2471.686439
-58.146034,212,2472.43497
-51.703408,235,2473.226054
33.631129,505,2475.134218
58.222274,624,2477.795507
-54.468601,280,2478.583975
-73.629261,163,2479.315771
-18.669728,373,2480.82318
44.259666,583,2483.043751
-124.420351,85,2483.12909
-72.091293,163,2483.857653
-70.733005,167,2484.632708
-75.206417,182,2485.387593
-77.321011,182,2485.847197
-66.531962,180,2486.664477
-2.867481,412,2488.291818
-58.437382,188,2489.072876
42.609092,560,2491.247897
-78.746021,128,2491.641969
-91.091936,104,2492.015431
-81.152371,124,2493.499633
-76.998066,135,2494.178936
-81.898573,124,2494.561818
-63.49883,189,2495.373859
-52.867883,228,2496.208494
-24.394416,320,2497.311735
-70.016112,177,2498.090477
-47.608141,235,2498.889713
-86.72298,117,2499.576782
-36.335584,292,2500.721281
-42.478743,288,2501.557776
11.122404,513,2503.684428
-83.399913,118,2504.09125
-86.20163,126,2504.470029
82.631511,717,2507.150167
-55.53012,224,2507.922987
3.528969,496,2509.845363
-75.864257,167,2510.609958
168.46449,1017,2514.398289
-63.844546,193,2515.257875
-90.596474,115,2515.624916
-27.698353,313,2516.750349
-39.700924,277,2517.831568
289.259814,1040,2521.951074
-79.770334,138,2522.396911
-50.236835,264,2523.482064
89.560395,780,2526.071432
-76.484406,165,2526.860088
-15.380572,382,2528.346931
-11.088405,386,2529.860229
-103.550702,110,2530.284235
-37.722091,297,2532.406725
-20.282723,336,2533.638762
-49.615502,233,2534.690078
-42.660328,270,2535.483229
283.54898,1080,2539.72134
-45.844565,283,2540.853441
-86.15096,142,2541.298346
-19.071047,350,2542.765475
-87.557148,119,2543.176803
-53.394307,241,2543.989296
-80.092055,150,2544.690201
-59.397407,229,2545.460106
45.503475,697,2548.181733
112.535432,890,2551.582002
-36.238273,259,2552.683525
277.647093,1095,2556.728023
-51.489035,240,2557.543457
-116.531279,39,2557.576573
-4.721868,413,2559.048672
-112.52103,49,2559.356284
-57.607057,245,2560.15108
-81.281513,120,2560.837996
-54.226157,216,2561.595277
-60.558584,191,2562.316484
-60.462329,214,2563.152202
-71.869656,179,2563.893666
-45.895603,288,2565.002884
31.066954,582,2566.912574
39.028276,602,2569.113523
277.132478,1158,2574.51633
-3.779707,452,2576.042157
-53.684991,231,2577.141305
-54.025463,235,2577.87214
50.845231,625,2580.135416
33.660736,528,2582.353521
-54.575941,225,2583.139548
-68.625214,166,2583.903495
-54.284373,234,2584.690037
113.749004,955,2588.133037
-29.407642,376,2589.628228
-76.172122,138,2590.299214
-34.665731,313,2591.418978
-74.126373,164,2591.869324
1.130135,433,2593.701731
267.668655,1320,2598.593608
-53.939203,236,2599.366858
-34.337844,312,2600.493518
-75.139091,159,2601.203748
268.523672,1154,2605.480227
67.326073,716,2608.445682
-66.171,184,2609.984452
35.336314,546,2612.105229
-47.890877,280,2613.217261
-29.971939,324,2614.302304
266.00772,1188,2618.706343
265.582576,1209,2623.303093
-51.131449,231,2624.114547
-78.553542,149,2624.832939
-70.783296,175,2625.571803
-28.743342,318,2626.677875
-67.346167,167,2627.104876
-82.811746,115,2627.790694
272.081938,1224,2632.476324
276.159969,1139,2636.552123
270.795129,1150,2640.993284
-64.034001,213,2641.745031
-67.878795,156,2642.161584
10.886606,487,2644.039311
-70.305705,177,2644.758387
-33.62572,284,2645.916236
26.416696,504,2648.899759
-67.467738,209,2649.607503
-10.88381,408,2651.10448
-58.296236,205,2651.829145
278.310452,1049,2655.963385
-25.94959,329,2657.121732
-59.365758,243,2657.91592
27.61728,579,2660.220059
-71.417893,198,2660.994439
-93.312397,106,2661.379477
-26.024659,333,2662.595481
-62.545574,213,2663.717185
-77.511517,135,2664.114954
-37.065046,331,2665.313892
-82.672637,122,2665.723997
-29.811416,339,2667.159748
-21.824396,365,2668.373247
-74.174789,149,2669.077101
272.116425,1121,2673.240564
-132.239525,130,2673.687459
-33.651801,312,2675.127669
-45.007424,268,2675.910858
-54.825315,240,2677.013065
-75.766785,184,2677.742871
57.867327,673,2680.0664
54.422819,621,2682.285128
-11.852341,400,2683.751272
-69.094782,209,2684.888883
273.370059,1149,2690.0937
-75.428878,178,2690.780784
286.379166,1042,2694.519077
274.040576,1113,2698.641485
282.92302,1123,2703.049169
8.991247,478,2704.614869
274.477047,1172,2709.042745
-46.105043,276,2710.160971
277.293267,1234,2714.664348
275.594457,1202,2719.115318
6.791477,501,2721.007062
-84.543659,130,2721.755206
-78.325007,152,2722.186637
-132.332004,155,2722.892837
-57.811941,235,2723.723797
-87.907727,123,2724.117652
-49.796237,256,2726.251735
267.213395,1266,2730.813398
-135.358395,174,2731.503714
-63.68581,205,2732.200839
27.752273,627,2734.603859
-23.710932,350,2736.047894
-66.716932,204,2736.798561
-130.309886,112,2737.215186
-74.994161,175,2737.975953
-101.803792,99,2738.391759
-8.325365,447,2739.867292
-86.783004,314,2741.037528
-0.756103,436,2743.020133
-94.383933,84,2743.435091
-18.960438,366,2744.730788
-62.99127,205,2745.476822
271.735446,1220,2750.351724
-77.091102,151,2750.804808
-29.259433,323,2751.995682
-110.759764,128,2752.699812
3.62696,445,2754.238148
-81.071287,149,2754.94649
-99.896605,67,2755.011715
-101.543451,83,2755.430232
-6.314349,451,2757.338166
-62.270536,216,2758.09663
49.932542,611,2760.368548
-79.895293,140,2760.81187
274.880903,1125,2766.163618
271.438281,1154,2770.647531
283.073038,1109,2774.871844
95.684304,807,2777.860596
-102.573178,66,2778.211088
271.912199,1198,2782.957466
24.668999,579,2785.196128
-21.326581,391,2786.713322
5.844662,480,2788.224367
272.325517,1223,2793.191569
271.795966,1247,2797.870277
272.328891,1295,2802.878022
-107.776182,60,2803.21278
272.148014,1283,2809.118993
-103.824372,62,2809.471457
148.225939,1081,2813.563375
-104.50817,103,2813.94509
-16.586523,411,2815.427988
93.260645,894,2818.799665
143.745055,1029,2822.596612
283.191775,1196,2827.194284
-101.885374,67,2827.565871
-105.633445,65,2827.623206
-102.224424,70,2827.998969
-101.52648,63,2828.37147
34.481893,604,2830.70451
284.195105,1215,2835.318035
-125.451511,87,2835.707385
-135.079153,150,2836.140417
23.645365,580,2838.376652
-78.765823,218,2839.167966
11.194792,519,2841.436233
280.22483,1204,2847.036389
-114.782517,100,2847.411887
271.35575,1135,2851.461987
-28.009518,349,2852.62147
-94.660415,107,2853.040205
279.635656,1213,2857.823459
-104.136259,93,2858.197315
-64.177843,205,2859.059369
-148.394707,1600,2865.330564
270.973301,1255,2869.943342
-56.120949,259,2871.117259
-76.101716,181,2871.848779
-105.088984,59,2871.905949
-104.697695,57,2872.250199
-102.383831,61,2872.302318
-105.050034,54,2872.676126
-108.117548,75,2873.031392
-93.710517,113,2873.441337
-72.536203,217,2874.213616
-106.665666,68,2874.555755
-94.765523,86,2874.630825
-56.725665,210,2875.709037
-117.180406,131,2876.11502
-86.777866,129,2876.487216
-71.972792,178,2877.217053
-11.702536,358,2878.66287
272.661154,1256,2884.343851
48.587149,608,2886.537094
283.615076,1156,2891.017949
-45.694952,255,2891.935229
283.559887,1107,2896.187115
-22.869734,360,2897.677845
29.259114,572,2900.053127
-40.735762,367,2901.279042
-43.760864,311,2902.356528
286.549812,1022,2906.499295
-173.476607,1600,2912.817491
-101.883387,78,2912.887681
-76.881405,165,2913.624437
12.978683,523,2915.525576
-55.03348,247,2916.573373
20.458708,497,2918.488459
-69.979907,192,2919.274653
280.373616,1226,2925.132979
265.989395,1339,2930.237025
-67.267489,228,2931.325909
273.864551,1189,2935.562442
-40.628645,334,2936.967011
-43.406059,375,2938.404326
284.013728,1044,2942.055288
-69.088716,193,2942.852795
-108.122029,68,2943.195073
19.251837,570,2945.053794
38.143787,718,2948.014863
281.421297,1183,2952.200765
-41.3957,299,2953.316066
279.884122,1138,2957.665962
-95.112422,155,2958.098335
-87.643437,154,2958.859621
-18.177224,355,2960.114245
103.591527,830,2964.499611
-15.645093,392,2965.947775
11.195312,463,2967.524503
288.389964,1032,2971.754722
-69.311622,206,2972.559468
-93.895873,126,2972.952435
-49.470038,278,2974.042423
-53.377554,249,2974.943969
36.216031,599,2977.2013
-58.036258,213,2977.942301
83.281637,757,2980.881495
39.896915,568,2982.886608
126.774539,962,2986.478083
-71.604794,202,2987.244614
276.214099,1256,2992.06645
273.39723,1222,2996.675864
-121.880435,66,2997.01642
282.481632,1122,3002.504749
-72.366318,176,3003.247211
-10.785946,404,3004.801968
-20.964015,343,3005.980237
-106.729682,68,3006.327935
-49.312223,234,3007.108981
30.639662,588,3009.414886
-140.688429,209,3010.196144
-53.466332,213,3010.927246
-57.996236,206,3011.697925
-44.672137,269,3012.920335
-19.64943,390,3014.407462
287.790563,1025,3018.145089
-58.770901,197,3018.871849
-101.505448,76,3019.220156
-68.30781,173,3019.660108
288.734751,1111,3024.108237
-34.732638,302,3025.258804
283.931044,1213,3029.639307
40.022126,604,3031.888733
-33.200035,317,3033.00947
284.009525,1121,3037.384553
-44.143737,265,3039.635307
-70.691871,165,3040.070886
135.147336,859,3043.424212
-98.16326,105,3043.816838
-71.669842,178,3044.584764
-76.039385,155,3045.024728
-12.659033,376,3046.486227
-19.942194,377,3047.951714
170.389108,951,3051.475269
104.568524,720,3054.318866
-90.034059,158,3054.744159
62.55955,627,3057.354975
286.827664,1034,3061.056839
13.982118,450,3062.62003
-63.185409,194,3063.36332
145.0924,920,3067.03401
-30.802808,306,3068.217877
-68.147206,198,3068.968682
-24.258889,331,3070.106549
-61.12396,241,3070.90321
178.933348,1124,3075.411965
2.556763,414,3076.95
-88.662197,129,3078.655931
-34.422655,306,3079.917558
-85.549811,164,3080.610214
123.519533,751,3083.37603
28.996515,526,3085.378144
-53.334966,233,3086.404674
276.581722,1181,3091.046986
-76.72607,142,3091.474838
281.966576,1205,3096.007919
-87.507952,121,3096.398392
-67.714249,172,3097.132213
293.442573,1061,3101.072075
281.350123,1163,3105.270954
-1.829726,503,3107.167901
-18.348568,358,3108.583411
-74.899143,164,3109.05515
70.633715,668,3111.715105
-6.940589,468,3113.673986
-56.721353,222,3114.435995
-78.960171,145,3114.854007
26.953651,528,3118.219565
128.918915,1017,3121.967291
-63.435949,186,3122.711762
-66.295505,194,3123.445429
-79.250418,166,3123.883761
-84.172396,128,3124.565877
-81.097898,139,3124.962979
-38.054256,296,3126.004567
-91.160679,122,3126.422479
-74.012799,165,3127.125598
-74.854022,150,3127.560798
-81.267843,133,3128.247034
275.493575,1225,3132.974982
-75.348759,155,3133.659981
-58.511697,247,3134.443896
-64.391469,189,3135.172426
-34.616591,330,3136.331238
-52.883683,231,3137.112021
17.359859,460,3138.914001
145.735337,891,3142.307647
275.213584,1206,3146.825525
42.88982,613,3149.16032
286.109548,1198,3153.668679
-44.806861,270,3154.805201
284.996746,1180,3160.389104
-50.907392,219,3161.230871
-99.116802,77,3161.662458
5.575683,434,3163.152709
39.373606,547,3165.017969
-75.179467,151,3165.719748
-52.892958,214,3166.479312
-92.823453,108,3166.888115
-81.609661,155,3167.634628
286.351131,1094,3171.758415
-63.43382,235,3172.49824
-69.239927,185,3173.215668
-75.026867,146,3173.653041
-37.816464,260,3174.743815
-9.77985,402,3176.240145
-92.970313,106,3176.61926
-100.674283,103,3176.986578
-83.224826,140,3177.389045
-70.791893,164,3178.088495
-76.794134,149,3178.833885
-55.640907,227,3179.628279
-47.986351,273,3180.709217
-3.708433,447,3182.241287
-68.781088,198,3183.0116
-95.52007,95,3183.398856
47.310616,530,3185.349554
-81.093009,142,3186.052592
-73.986884,171,3186.533222
-62.54906,205,3187.28707
92.782504,699,3189.811472
-80.57817,161,3190.575531
285.698484,1109,3196.186459
-89.373546,112,3196.571354
-61.989245,207,3197.320444
-89.912158,132,3198.00021
-65.678086,192,3198.755625
-27.349056,346,3199.91806
133.565397,885,3203.266677
-96.743408,106,3203.692323
-26.752257,301,3204.79328
46.432666,707,3207.489763
16.811364,473,3209.31932
-24.884024,339,3210.532904
-19.145788,388,3212.10837
24.270571,487,3213.968708
-97.756857,81,3214.318782
-75.488659,175,3214.753763
-1.286156,396,3216.23471
-72.037212,162,3216.930487
267.916324,1150,3221.352118
172.091141,1106,3225.480684
284.824631,1126,3229.544157
-82.204063,140,3229.966618
-84.603315,128,3230.698272
-61.774852,219,3231.479527
-81.365247,141,3231.889637
-98.00923,99,3232.264798
-78.30305,165,3233.012693
-32.432435,338,3235.459791
-94.487421,125,3235.853906
-9.400221,430,3237.680012
-67.933876,178,3238.128234
-86.301506,138,3238.833476
-69.671055,161,3239.337815
-49.469919,243,3240.415087
-86.162452,157,3240.857843
-103.498904,82,3241.239147
285.255147,1081,3245.270653
285.454074,1047,3249.454274
-61.782526,213,3250.21037
-48.591081,270,3251.023309
-58.139542,254,3252.120944
-47.411211,248,3253.016608
-58.416866,218,3254.08304
69.76763,755,3256.698697
-60.161032,207,3257.435751
105.442223,825,3260.516279
-67.119285,204,3261.28206
-63.523861,178,3262.028307
50.95111,570,3264.252077
29.852953,533,3266.148633
-57.555678,248,3267.251121
-47.774434,281,3268.392846
-20.095185,341,3269.553139
14.929274,526,3271.563294
-21.347915,381,3274.297011
61.378608,655,3276.799587
-40.884264,257,3277.617775
-74.443395,143,3278.339774
-71.224787,142,3278.745607
-34.28934,292,3279.866455
59.390561,618,3282.065562
-77.660891,136,3282.494207
-19.993041,337,3283.949552
-85.680625,125,3284.378374
-54.589176,200,3285.099128
-72.975739,149,3285.820863
-6.659551,365,3286.937827
-78.683065,168,3287.636718
281.719543,1140,3291.841203
-99.182367,99,3292.248995
21.469747,537,3294.523688
-80.330602,157,3294.958794
115.068925,910,3298.32706
-64.169801,195,3299.167617
-59.044869,226,3300.245623
-71.953922,184,3300.669232
-57.811499,222,3301.814839
-67.59978,189,3302.532125
-85.441549,128,3302.911251
-36.145235,327,3304.087701
-76.825053,152,3304.853796
273.474739,1090,3308.701172
283.641815,1039,3314.25047
148.211658,924,3317.708811
94.551511,699,3320.381876
-83.257531,132,3320.776082
90.596324,839,3324.012187
-57.428738,239,3324.762951
-6.926859,374,3326.315091
-82.322674,137,3326.705498
128.39279,940,3330.423208
-71.526025,170,3330.867825
-54.406572,211,3331.964638
-15.247605,356,3333.164413
154.780019,1068,3337.316148
-70.331518,193,3338.058034
-69.797513,206,3338.90419
33.936429,553,3340.825917
-65.108977,211,3341.615649
-57.758395,239,3342.644165
-37.695024,299,3343.744086
-82.191161,150,3344.158214
-31.045305,339,3345.571493
-9.965785,366,3346.729813
-64.425806,212,3347.451133
-89.954167,111,3348.112065
-67.575885,190,3348.54365
287.540825,1030,3354.007007
-67.656581,178,3354.733033
-58.298997,212,3355.474011
-59.372026,216,3356.268075
137.3426,979,3360.070509
169.233015,969,3363.595303
-54.90764,232,3364.724673
-51.438269,262,3365.546156
278.66909,1160,3369.975018
-31.253373,319,3371.088377
10.808535,477,3372.931452
-48.635653,262,3373.745168
-29.90887,345,3375.171757
48.183348,576,3377.476784
-32.873654,306,3378.532952
121.585695,960,3381.913484
-67.451461,197,3382.712354
9.717066,493,3384.565757
-33.42127,326,3385.69913
107.102275,838,3389.039728
278.174299,1059,3394.098284
286.967521,1105,3398.224096
285.975032,1085,3402.31971
-48.252713,274,3403.431403
291.046756,1136,3407.702546
18.143256,487,3409.624823
49.149631,553,3411.811059
-75.236269,174,3412.561881
282.891184,1175,3416.698275
285.142811,1076,3420.716536
143.233413,961,3424.455219
18.423507,464,3426.020684
-9.953128,410,3427.521648
-104.859819,59,3427.868734
25.437982,562,3431.50741
-28.913664,343,3432.691045
72.817146,704,3435.296756
286.686745,1013,3438.970843
-42.055093,271,3440.061777
285.254504,1068,3444.199954
-30.616114,286,3444.995016
79.74042,671,3447.6453
289.308954,1149,3452.324883
27.542352,489,3454.170099
45.516198,573,3456.05653
76.729259,667,3458.579648
-30.707506,319,3459.672503
-14.192815,345,3461.082694
-98.249511,99,3461.456605
-103.81283,83,3461.533407
-3.770294,398,3463.023693
-41.692331,307,3464.158708
-83.348615,164,3464.863842
-83.332776,159,3465.571057
-43.923966,287,3466.677514
-87.211498,175,3467.120014
-42.057017,274,3469.594186
-24.383274,301,3470.735968
-33.919766,315,3471.858399
-18.455702,369,3473.301869
288.625942,1060,3477.356388
284.650465,1086,3481.179507
-75.767071,180,3481.875387
-72.269957,181,3482.603148
-45.874285,270,3483.667319
-61.069982,233,3484.462322
-53.766918,226,3485.223007
86.274871,684,3487.888334
-85.41753,142,3488.575301
155.608999,955,3492.007709
-80.360201,142,3492.737625
293.558893,1030,3496.50323
292.905357,1086,3500.711584
7.326961,428,3502.281492
-78.434358,175,3502.976647
-48.200457,234,3503.786987
23.40244,587,3506.087976
-72.273048,172,3508.180873
-22.304087,343,3509.32148
-25.230208,352,3510.704978
-79.342241,167,3511.123365
-37.606236,298,3512.249757
-63.112487,204,3512.984827
44.392538,576,3515.214309
112.105564,765,3518.313583
-8.084637,408,3519.790813
-60.721642,219,3520.561174
108.169702,768,3523.434311
-63.154494,208,3524.260675
-77.177596,156,3524.689596
291.297943,1114,3528.791816
280.461832,1134,3533.157445
-86.689657,120,3533.547481
-91.687716,107,3533.928672
58.00861,631,3536.213086
280.581121,1070,3540.329118
-50.796502,257,3541.365409
-90.768247,133,3541.764282
1.674953,418,3543.265788
-104.598192,77,3543.592944
-2.142666,385,3546.335912
-92.240336,133,3546.729151
18.097812,479,3548.604373
78.853069,730,3551.329304
284.271455,1122,3555.41378
-9.082995,376,3556.84502
-50.251256,247,3557.925668
-38.108747,303,3559.037569
14.184879,444,3560.531111
-76.968938,144,3561.234324
-36.062305,293,3562.029032
76.723911,688,3564.562519
-66.176095,182,3565.294985
-106.4575,72,3565.615871
-58.133367,218,3566.34992
-10.546637,378,3567.82679
-92.55247,126,3568.209328
-5.112917,405,3569.702473
-15.958033,350,3571.090337
-78.010282,174,3571.522963
54.033196,622,3573.966709
-45.623828,262,3574.743294
-43.375928,266,3575.754761
278.343917,1181,3579.877187
-59.366071,221,3580.56784
-35.048849,290,3581.587277
56.445711,654,3585.0903
-39.249666,290,3586.096218
-32.392363,331,3587.443304
286.044758,1049,3590.904784
-73.632437,181,3591.588718
6.623167,454,3592.981676
22.148303,509,3594.682636
-16.561861,365,3596.05777
278.124458,1185,3600.090612
-23.647887,326,3601.110548
-96.817035,118,3601.46757
-42.439954,311,3602.706185
-56.032142,249,3603.404691
-51.144046,239,3604.104308
-48.601644,278,3605.123818
12.214013,484,3606.779607
135.859297,890,3609.772828
-94.89495,125,3610.127287
-26.826245,322,3611.153126
-72.204344,172,3611.792427
277.589292,1039,3615.436675
284.999898,1105,3620.648493
70.229991,617,3622.602093
-5.195551,410,3623.910803
-77.65474,157,3624.275859
-55.974035,226,3625.198062
281.103875,1081,3628.458755
282.393888,1049,3632.00627
280.554872,1062,3635.569456
-39.603511,276,3636.262529
-85.48441,134,3636.860219
-47.904102,270,3637.552537
-66.271178,166,3638.177113
-59.787697,200,3638.823692
-51.512876,220,3639.501309
-52.393834,228,3640.444291
-70.134538,180,3640.838485
290.363367,978,3644.166374
-79.085345,130,3644.52334
129.426809,811,3647.463593
164.269946,1023,3650.694461
-7.661752,423,3653.361783
-53.467998,225,3653.996846
-52.102191,229,3654.896821
1.139698,411,3656.177623
73.593135,665,3658.111825
-33.105272,323,3659.078412
284.584871,1207,3663.129974
284.470572,1093,3666.316687
-83.60238,167,3666.929291
-82.557629,147,3667.523607
275.32859,1177,3670.996953
-71.491618,179,3671.638935
179.006285,1092,3675.055331
17.367539,516,3676.634733
-64.092104,192,3677.251674
18.19775,578,3679.075765
-78.153542,151,3679.450106
19.33345,464,3680.978218
34.574027,536,3682.581739
149.623476,916,3687.023375
-67.498408,179,3687.378715
281.385974,1071,3690.670293
0.198098,434,3691.897887
288.093216,1013,3695.167125
-44.201459,268,3695.825002
-51.12536,232,3696.715864
170.082687,993,3699.794364
-56.671513,241,3700.443624
-86.795352,125,3700.771996
-22.707411,356,3701.977257
-83.455711,139,3702.313639
-6.432356,401,3703.523635
26.412478,464,3705.043986
133.022358,830,3707.466565
288.90193,1090,3710.773485
-33.97186,292,3711.671393
28.198718,492,3713.161443
40.924567,541,3714.6921
-56.827922,224,3715.307596
-53.299224,229,3716.158058
42.510321,509,3719.047948
-90.024562,113,3719.358482
-81.945892,165,3719.94403
-63.771413,193,3720.540681
-6.969,363,3721.479638
148.972633,918,3724.186409
-98.676137,81,3724.475234
-55.114781,196,3725.068608
-48.704294,239,3725.926077
-74.207638,149,3726.268908
-4.349685,389,3727.461712
283.25158,1081,3730.700463
-46.825094,235,3731.322616
140.930445,865,3733.957606
291.548183,1040,3736.928553
143.875885,843,3739.555045
286.609069,1062,3742.532039
-80.286996,139,3743.08713
125.328197,942,3745.754826
41.552117,543,3747.261841
